,City,lat,Lng,Max Temp (F),Humidity,Cloudiness,Wind Speed,County,Date
0,busselton,-33.65,115.33,55.0,83,0,16.64,AU,1593984518
1,sao filipe,14.9,-24.5,73.94,82,71,11.95,CV,1593984519
2,hermanus,-34.42,19.23,51.01,95,100,2.71,ZA,1593984519
3,kodiak,57.79,-152.41,55.4,87,90,8.05,US,1593984519
4,cabo san lucas,22.89,-109.91,97.0,36,5,21.92,MX,1593984519
5,east london,-33.02,27.91,62.92,71,99,10.02,ZA,1593984519
6,bredasdorp,-34.53,20.04,48.2,100,100,4.7,ZA,1593984391
7,ushuaia,-54.8,-68.3,35.6,92,75,3.36,AR,1593984519
8,araouane,18.9,-3.53,94.93,30,84,10.94,ML,1593984519
9,lompoc,34.64,-120.46,75.99,60,0,16.11,US,1593984231
10,atuona,-9.8,-139.03,79.38,78,21,21.45,PF,1593984519
11,tasiilaq,65.61,-37.64,42.8,60,49,25.28,GL,1593984520
12,rikitea,-23.12,-134.97,72.48,76,41,8.12,PF,1593984520
13,cape town,-33.93,18.42,52.0,100,97,2.24,ZA,1593984520
14,mataura,-46.19,168.86,41.77,95,97,1.41,NZ,1593984520
15,vaini,-21.2,-175.2,77.0,83,75,9.17,TO,1593984520
16,bluff,-46.6,168.33,48.85,90,100,19.93,NZ,1593984520
17,port hardy,50.7,-127.42,62.6,72,75,5.82,CA,1593984477
18,ponta delgada,37.73,-25.67,69.8,83,40,9.17,PT,1593984520
19,barrow,71.29,-156.79,42.8,70,1,11.41,US,1593984520
20,nuuk,64.18,-51.72,42.8,75,40,18.34,GL,1593984521
21,vardo,70.37,31.11,46.4,100,90,13.87,NO,1593984521
22,mar del plata,-38.0,-57.56,48.99,70,75,4.7,AR,1593984521
23,miles city,46.41,-105.84,86.0,28,1,13.87,US,1593984521
24,adrar,20.5,-10.07,100.54,8,1,14.81,MR,1593984521
25,mount isa,-20.73,139.5,50.0,37,0,11.41,AU,1593984521
26,puerto ayora,-0.74,-90.35,78.8,61,20,18.34,EC,1593984521
27,verkhnedneprovskiy,54.98,33.35,62.2,95,0,5.77,RU,1593984521
28,cockburn town,21.46,-71.14,87.8,62,40,10.29,TC,1593984521
29,port elizabeth,-33.92,25.57,59.0,87,100,14.99,ZA,1593984522
30,dollar,56.16,-3.67,52.0,82,87,5.01,GB,1593984522
31,chiang kham,19.52,100.3,77.0,100,20,2.26,TH,1593984522
32,rocha,-34.48,-54.33,45.99,90,26,6.51,UY,1593984446
33,pevek,69.7,170.31,46.89,63,74,2.89,RU,1593984368
34,kavaratti,10.57,72.64,82.78,79,100,15.73,IN,1593984522
35,albany,42.6,-73.97,91.99,33,60,9.73,US,1593984522
36,ryazanovskiy,55.55,39.43,64.69,91,97,3.76,RU,1593984522
37,nhulunbuy,-12.23,136.77,75.2,64,40,13.87,AU,1593984522
38,castro,-24.79,-50.01,58.46,78,19,6.78,BR,1593984523
39,visnes,59.36,5.22,53.6,87,75,25.28,NO,1593984523
40,avarua,-21.21,-159.78,71.6,88,100,9.17,CK,1593984523
41,montego bay,18.47,-77.92,86.0,66,75,10.29,JM,1593984523
42,kiama,-34.68,150.87,48.0,79,0,1.99,AU,1593984523
43,lerwick,60.15,-1.15,51.8,87,95,18.34,GB,1593984523
44,parrita,9.52,-84.32,73.4,83,75,10.29,CR,1593984441
45,khatanga,71.97,102.5,49.6,62,0,16.73,RU,1593984523
46,russell,32.35,-85.2,93.2,41,1,9.17,US,1593984523
47,nikolskoye,59.7,30.79,64.4,82,40,13.42,RU,1593984523
48,clyde river,70.47,-68.59,39.2,86,90,18.34,CA,1593984524
49,beroroha,-21.67,45.17,64.36,48,0,1.43,MG,1593984524
50,abha,18.22,42.51,73.4,77,95,3.36,SA,1593984524
51,pitimbu,-7.47,-34.81,75.2,100,90,10.29,BR,1593984524
52,victoria,22.29,114.16,84.0,83,100,5.99,HK,1593984524
53,qaanaaq,77.48,-69.36,44.47,60,87,2.66,GL,1593984524
54,airai,-8.93,125.41,56.79,100,59,4.61,TL,1593984524
55,leningradskiy,69.38,178.42,50.43,67,25,10.42,RU,1593984524
56,abda,47.69,17.54,70.0,88,0,4.7,HU,1593984524
57,tokamachi,37.13,138.77,69.01,96,100,3.94,JP,1593984525
58,hilo,19.73,-155.09,84.2,62,90,10.29,US,1593984246
59,jamestown,42.1,-79.24,82.4,45,1,8.05,US,1593984230
60,hobart,-42.88,147.33,46.0,87,40,2.24,AU,1593984473
61,jacksonville,30.33,-81.66,82.4,83,90,10.29,US,1593984450
62,new norfolk,-42.78,147.06,46.0,81,49,1.99,AU,1593984525
63,ilulissat,69.22,-51.1,46.4,70,75,3.36,GL,1593984525
64,lebu,-37.62,-73.65,49.21,71,36,1.3,CL,1593984525
65,nizwa,22.93,57.53,93.02,27,100,1.28,OM,1593984525
66,chicama,-7.84,-79.15,71.06,61,47,10.27,PE,1593984526
67,bahia blanca,-38.72,-62.27,46.45,64,67,5.75,AR,1593984358
68,buzmeyin,38.05,58.21,78.8,29,0,4.7,TM,1593984526
69,portland,45.52,-122.68,75.0,37,40,6.93,US,1593984038
70,penalva,-3.29,-45.17,80.49,75,52,2.66,BR,1593984526
71,lishan,31.86,113.3,74.88,93,99,3.38,CN,1593984526
72,watford,51.66,-0.4,61.0,62,20,20.8,GB,1593984251
73,kumluca,36.37,30.29,84.7,41,0,3.96,TR,1593984526
74,bethel,41.37,-73.41,91.99,35,20,10.29,US,1593984290
75,sobolevo,54.43,31.9,61.92,93,0,6.06,RU,1593984527
76,broome,42.25,-75.83,88.0,37,1,8.05,US,1593984527
77,punta arenas,-53.15,-70.92,32.0,93,75,4.7,CL,1593984527
78,kaitangata,-46.28,169.85,50.0,88,100,14.0,NZ,1593984527
79,hamburg,53.55,10.0,61.0,77,75,4.7,DE,1593984527
80,bida,9.08,6.02,73.81,88,68,0.83,NG,1593984527
81,magistralnyy,56.17,107.45,50.31,61,2,2.59,RU,1593984527
82,santiago del estero,-27.8,-64.26,61.63,44,2,10.83,AR,1593984527
83,georgetown,5.41,100.34,78.8,94,20,5.3,MY,1593984528
84,iqaluit,63.75,-68.51,46.4,93,90,2.24,CA,1593984528
85,progreso,21.28,-89.67,91.4,55,75,11.41,MX,1593984528
86,melbu,68.5,14.83,51.8,71,20,6.93,NO,1593984528
87,matveyev kurgan,47.56,38.87,77.32,41,0,3.18,RU,1593984528
88,rundu,-17.93,19.77,57.2,30,0,3.36,NA,1593984528
89,qaqortoq,60.72,-46.03,50.0,61,75,9.17,GL,1593984528
90,coquimbo,-29.95,-71.34,57.2,76,92,10.29,CL,1593984528
91,sistranda,63.73,8.83,55.4,66,90,20.8,NO,1593984528
92,codrington,-38.27,141.97,49.84,90,72,6.2,AU,1593984529
93,lamu,-2.27,40.9,77.36,77,65,21.25,KE,1593984529
94,saskylakh,71.92,114.08,42.53,76,100,12.1,RU,1593984529
95,husavik,66.04,-17.34,44.6,75,40,13.87,IS,1593984529
96,lavrentiya,65.58,-171.0,48.04,84,100,6.17,RU,1593984529
97,deputatskiy,69.3,139.9,49.59,59,100,4.21,RU,1593984529
98,cherskiy,68.75,161.3,61.41,58,64,7.29,RU,1593984529
99,san patricio,19.22,-104.7,89.6,75,40,11.41,MX,1593984529
100,aklavik,68.22,-135.01,42.8,93,90,9.17,CA,1593984529
101,hamilton,39.18,-84.53,93.99,41,1,3.36,US,1593984530
102,dikson,73.51,80.55,50.99,66,100,16.67,RU,1593984530
103,ponta do sol,32.67,-17.1,66.99,61,1,5.21,PT,1593984530
104,denizli,37.84,29.07,77.0,44,75,4.7,TR,1593984530
105,kinkala,-4.36,14.76,75.2,83,31,4.7,CG,1593984530
106,geraldton,-28.77,114.6,62.6,67,40,12.75,AU,1593984530
107,sorland,67.67,12.69,51.19,77,1,20.98,NO,1593984530
108,havelock,34.88,-76.9,82.0,69,1,3.36,US,1593984530
109,west wendover,40.74,-114.07,91.4,10,1,6.93,US,1593984339
110,willowmore,-33.29,23.49,45.81,55,66,2.73,ZA,1593984531
111,taunggyi,20.78,97.03,63.34,100,100,3.94,MM,1593984531
112,gavle,60.67,17.14,57.99,82,8,5.99,SE,1593984479
113,nome,64.5,-165.41,57.2,93,90,11.41,US,1593984328
114,chokurdakh,70.63,147.92,39.34,91,100,12.88,RU,1593984531
115,sao jose da coroa grande,-8.9,-35.15,77.14,85,24,13.62,BR,1593984531
116,komsomolskiy,40.43,71.72,71.6,40,34,2.24,UZ,1593984531
117,oneonta,42.45,-75.06,84.0,57,55,1.01,US,1593984505
118,butaritari,3.07,172.79,82.76,77,0,12.66,KI,1593984531
119,ashtabula,41.7,-80.77,86.0,51,1,4.7,US,1593984465
120,chuy,-33.7,-53.46,51.35,84,98,9.17,UY,1593984532
121,thompson,55.74,-97.86,80.6,54,75,9.17,CA,1593984516
122,boyolangu,-8.12,111.89,73.89,90,93,3.87,ID,1593984532
123,samsun,41.25,36.33,71.6,94,40,5.26,TR,1593984532
124,mahebourg,-20.41,57.7,71.6,94,75,3.36,MU,1593984532
125,vao,-22.67,167.48,68.67,62,60,14.07,NC,1593984532
126,dolinsk,47.35,142.8,62.6,82,100,8.95,RU,1593984532
127,xichang,27.9,102.26,66.88,79,95,1.7,CN,1593984532
128,auki,-8.77,160.7,79.95,80,76,3.31,SB,1593984532
129,kurchum,48.57,83.65,60.78,61,55,4.05,KZ,1593984532
130,avera,33.19,-82.53,93.2,36,1,10.29,US,1593984533
131,grand-lahou,5.14,-5.02,76.15,85,10,9.86,CI,1593984533
132,namibe,-15.2,12.15,70.0,73,1,6.02,AO,1593984533
133,mount gambier,-37.83,140.77,48.2,93,90,5.82,AU,1593984533
134,alice town,25.72,-79.3,85.64,67,100,9.73,BS,1593984533
135,kapaa,22.08,-159.32,82.4,74,20,10.29,US,1593984413
136,saint-philippe,-21.36,55.77,69.8,77,75,5.82,RE,1593984533
137,bambous virieux,-20.34,57.76,71.6,94,75,3.36,MU,1593984534
138,neuquen,-38.95,-68.06,44.6,75,25,2.24,AR,1593984534
139,san luis,-33.3,-66.34,50.34,48,30,9.37,AR,1593984534
140,souillac,-20.52,57.52,71.6,94,75,3.36,MU,1593984534
141,tuatapere,-46.13,167.68,47.17,90,100,4.74,NZ,1593984534
142,erattupetta,9.7,76.78,77.0,88,75,4.7,IN,1593984534
143,sabha,27.04,14.43,90.21,18,0,10.27,LY,1593984534
144,mumbwa,-14.98,27.06,50.95,63,7,4.83,ZM,1593984534
145,upernavik,72.79,-56.15,42.53,83,100,10.85,GL,1593984534
146,hami,42.8,93.45,82.78,20,100,20.49,CN,1593984535
147,marsa matruh,31.35,27.25,75.2,83,40,6.93,EG,1593984535
148,egvekinot,66.32,-179.17,46.54,99,100,6.71,RU,1593984535
149,hasaki,35.73,140.83,75.2,100,75,9.17,JP,1593984535
150,cavalcante,-13.8,-47.46,71.85,47,0,5.41,BR,1593984535
151,jijiga,9.35,42.8,62.2,85,99,6.82,ET,1593984535
152,janakpur,26.72,85.91,83.88,77,1,10.27,NP,1593984535
153,onega,63.91,38.14,55.04,95,79,5.86,RU,1593984535
154,palmer,42.16,-72.33,91.0,31,40,11.41,US,1593984535
155,kant,27.8,79.8,89.28,53,93,8.3,IN,1593984535
156,little current,45.98,-81.92,80.6,57,75,8.05,CA,1593984536
157,saint-augustin,51.23,-58.65,61.21,63,14,9.89,CA,1593984536
158,yanam,16.73,82.22,78.55,86,100,12.57,IN,1593984536
159,kavieng,-2.57,150.8,81.77,75,27,8.84,PG,1593984536
160,santa lucia,27.91,-15.54,78.8,54,20,28.86,ES,1593984536
161,dayong,25.02,118.29,82.4,83,49,6.71,CN,1593984536
162,hualmay,-11.1,-77.61,65.19,73,100,9.66,PE,1593984536
163,fare,-16.7,-151.02,79.41,76,11,17.2,PF,1593984536
164,te anau,-45.42,167.72,43.93,90,100,3.0,NZ,1593984537
165,asfi,32.3,-9.24,78.4,50,8,15.55,MA,1593984537
166,shemursha,54.89,47.52,66.58,85,100,4.94,RU,1593984537
167,faanui,-16.48,-151.75,79.2,78,29,18.86,PF,1593984537
168,vavuniya,8.75,80.5,79.03,79,100,9.42,LK,1593984537
169,saldanha,-33.01,17.94,53.6,87,52,4.7,ZA,1593984537
170,bandarbeyla,9.49,50.81,80.19,67,96,25.21,SO,1593984537
171,mpika,-11.83,31.45,51.28,64,0,4.18,ZM,1593984537
172,khor,47.89,134.95,65.75,96,83,7.25,RU,1593984537
173,saint george,37.1,-113.58,104.0,11,1,9.17,US,1593984441
174,vyritsa,59.41,30.35,64.4,82,40,13.42,RU,1593984538
175,la asuncion,11.03,-63.86,86.0,70,99,19.46,VE,1593984538
176,nkhata bay,-11.61,34.29,65.35,71,1,5.08,MW,1593984538
177,awbari,26.59,12.78,89.47,14,0,11.86,LY,1593984538
178,port alfred,-33.59,26.89,61.0,89,100,4.0,ZA,1593984538
179,dunedin,-45.87,170.5,48.99,90,100,3.51,NZ,1593984538
180,mayo,38.89,-76.51,91.0,62,1,8.05,US,1593984538
181,tuktoyaktuk,69.45,-133.04,44.6,87,90,11.41,CA,1593984538
182,hofn,64.25,-15.21,51.53,71,63,4.36,IS,1593984538
183,xuddur,4.12,43.89,75.29,65,82,16.71,SO,1593984539
184,monrovia,6.3,-10.8,77.0,94,75,7.56,LR,1593984539
185,san cristobal,7.77,-72.22,87.8,55,40,11.41,VE,1593984312
186,ocean city,39.28,-74.57,81.0,74,1,10.29,US,1593984539
187,graham,47.05,-122.29,75.0,49,90,4.23,US,1593984539
188,esperance,-33.87,121.9,55.4,47,73,17.22,AU,1593984539
189,muros,42.78,-9.06,66.0,81,3,5.99,ES,1593984539
190,sechura,-5.56,-80.82,75.33,55,18,14.99,PE,1593984539
191,cidreira,-30.18,-50.21,62.06,97,100,4.99,BR,1593984379
192,tiksi,71.69,128.87,33.62,93,100,13.27,RU,1593984540
193,talnakh,69.49,88.4,57.2,93,75,8.95,RU,1593984540
194,kirkland lake,48.14,-80.04,75.2,69,1,3.36,CA,1593984540
195,taltal,-25.4,-70.48,62.6,57,88,3.29,CL,1593984540
196,kieta,-6.22,155.63,80.24,73,66,5.5,PG,1593984540
197,olafsvik,64.89,-23.71,53.62,68,50,8.88,IS,1593984540
198,yuancheng,36.65,107.79,67.35,50,3,4.79,CN,1593984540
199,hithadhoo,-0.6,73.08,85.37,74,100,14.7,MV,1593984540
200,serowe,-22.38,26.72,53.08,38,0,2.35,BW,1593984540
201,belaya kholunitsa,58.84,50.85,62.94,94,95,2.62,RU,1593984541
202,kruisfontein,-34.0,24.73,53.8,95,100,7.38,ZA,1593984541
203,bud,39.45,-86.18,87.8,45,1,3.36,US,1593984541
204,alice springs,-23.7,133.88,32.0,79,0,5.82,AU,1593984454
205,gari,59.43,62.35,58.19,95,32,4.7,RU,1593984541
206,ulaangom,49.98,92.07,63.73,66,97,7.43,MN,1593984541
207,henties bay,-22.12,14.28,64.99,66,0,1.99,NA,1593984541
208,horsham,51.06,-0.33,59.0,58,20,13.87,GB,1593984541
209,mujiayingzi,42.12,118.78,65.26,71,100,6.51,CN,1593984542
210,bekovo,52.47,43.71,70.39,64,61,5.01,RU,1593984542
211,marrakesh,31.63,-8.01,98.6,19,40,6.93,MA,1593984357
212,haimen,23.19,116.61,80.6,100,40,2.24,CN,1593984542
213,dongying,37.46,118.49,76.06,79,4,5.19,CN,1593984542
214,yellowknife,62.46,-114.35,68.0,42,75,18.34,CA,1593984542
215,beira,-19.84,34.84,64.0,93,0,3.36,MZ,1593984542
216,mbekenyera,-10.0,38.98,64.94,79,42,4.38,TZ,1593984542
217,isabela,6.71,121.97,77.7,83,86,1.5,PH,1593984542
218,anticala,9.0,125.65,73.06,88,0,3.71,PH,1593984542
219,qasigiannguit,68.82,-51.19,46.4,70,75,3.36,GL,1593984543
220,tabas,33.6,56.92,89.6,19,0,6.93,IR,1593984543
221,wanning,18.8,110.4,81.19,87,94,10.18,CN,1593984543
222,college,64.86,-147.8,72.0,35,40,9.17,US,1593984543
223,yeppoon,-23.13,150.73,44.6,70,56,5.88,AU,1593984543
224,norman wells,65.28,-126.83,53.6,71,90,9.17,CA,1593984543
225,ostrovnoy,68.05,39.51,51.85,81,67,17.43,RU,1593984543
226,grindavik,63.84,-22.43,53.6,81,0,14.99,IS,1593984543
227,carnarvon,-24.87,113.63,60.8,100,40,8.05,AU,1593984544
228,mlonggo,-6.53,110.7,76.86,79,61,6.2,ID,1593984544
229,arraial do cabo,-22.97,-42.03,73.4,78,0,14.99,BR,1593984544
230,comodoro rivadavia,-45.87,-67.5,37.4,93,75,3.36,AR,1593984503
231,berbera,10.44,45.01,89.98,47,34,19.73,SO,1593984544
232,forio,40.73,13.86,80.01,62,52,7.0,IT,1593984260
233,charters towers,-20.1,146.27,48.0,51,0,9.13,AU,1593984544
234,the valley,18.22,-63.06,86.0,66,40,16.11,AI,1593984544
235,nanzhang,31.78,111.84,74.12,78,97,3.89,CN,1593984544
236,hargeysa,9.56,44.06,70.38,66,99,23.09,SO,1593984545
237,torbay,47.67,-52.73,51.01,87,90,11.41,CA,1593984545
238,mahibadhoo,3.78,72.97,83.59,74,100,9.71,MV,1593984545
239,katsuura,35.13,140.3,75.0,95,100,5.99,JP,1593984545
240,frutal,-20.02,-48.94,78.03,44,99,4.14,BR,1593984545
241,sabanagrande,10.79,-74.76,75.2,100,40,4.7,CO,1593984545
242,ola,59.58,151.28,53.11,73,100,1.07,RU,1593984545
243,madison heights,42.49,-83.11,93.0,24,1,9.17,US,1593984545
244,west bay,19.37,-81.42,89.6,70,20,10.29,KY,1593984545
245,laurel,39.1,-76.85,93.0,58,1,4.7,US,1593984545
246,ajaccio,42.0,8.92,69.8,83,0,4.7,FR,1593984449
247,tongliao,43.61,122.27,66.88,91,97,10.02,CN,1593984546
248,baykit,61.67,96.37,60.57,56,100,1.79,RU,1593984546
249,canela,-29.37,-50.82,60.01,95,100,7.0,BR,1593984546
250,tabuk,17.42,121.44,73.92,89,100,3.8,PH,1593984546
251,mogwase,-25.18,27.27,53.64,36,0,4.52,ZA,1593984546
252,santa maria,-29.68,-53.81,62.6,100,75,2.24,BR,1593984539
253,isangel,-19.55,169.27,73.4,78,90,9.17,VU,1593984546
254,jalu,29.03,21.55,77.68,62,0,19.3,LY,1593984546
255,guanica,17.97,-66.91,84.99,73,47,4.0,PR,1593984547
256,waipawa,-41.41,175.52,53.6,93,100,20.8,NZ,1593984547
257,matagami,49.75,-77.63,77.0,29,1,4.7,CA,1593984547
258,naze,28.37,129.48,80.6,100,90,10.29,JP,1593984547
259,kirakira,-10.45,161.92,79.2,83,100,9.82,SB,1593984547
260,mackay,-21.15,149.2,46.4,87,48,5.82,AU,1593984547
261,douglas,41.3,-96.17,89.6,52,40,10.29,US,1593984547
262,salalah,17.02,54.09,82.4,88,75,4.7,OM,1593984547
263,longyearbyen,78.22,15.64,48.2,76,40,18.34,SJ,1593984547
264,ushtobe,45.25,77.98,67.17,55,90,15.12,KZ,1593984548
265,shenjiamen,29.96,122.3,76.8,94,100,18.75,CN,1593984448
266,skibbereen,51.55,-9.27,53.6,81,40,19.46,IE,1593984548
267,ahipara,-35.17,173.17,56.62,82,90,13.78,NZ,1593984548
268,dingle,11.0,122.67,76.39,88,11,3.67,PH,1593984548
269,manggar,-2.88,108.27,80.08,87,98,9.82,ID,1593984548
270,cap-aux-meules,47.38,-61.86,59.0,82,75,11.41,CA,1593984548
271,etawah,26.78,79.02,91.89,50,90,9.37,IN,1593984548
272,tura,25.52,90.22,75.54,92,100,5.37,IN,1593984548
273,san jose,37.34,-121.89,90.0,26,1,11.41,US,1593984288
274,casambalangan,18.38,122.13,80.51,84,100,7.4,PH,1593984549
275,sovetskaya gavan,48.97,140.29,59.49,94,98,2.3,RU,1593984549
276,merauke,-8.47,140.33,75.47,84,78,14.97,ID,1593984549
277,bengkulu,-3.8,102.27,76.55,79,47,4.74,ID,1593984549
278,ruteng,-8.61,120.47,61.25,100,100,5.21,ID,1593984549
279,xai-xai,-25.05,33.64,63.28,75,0,6.98,MZ,1593984549
280,zhigansk,66.77,123.37,45.03,70,0,11.9,RU,1593984549
281,tahta,26.77,31.5,89.6,18,0,6.93,EG,1593984549
282,plouzane,48.38,-4.62,55.4,87,20,5.82,FR,1593984550
283,hovd,48.01,91.64,59.49,60,6,4.14,MN,1593984550
284,robertsport,6.75,-11.37,77.43,80,100,9.26,LR,1593984550
285,strzelin,50.78,17.06,71.6,73,1,6.93,PL,1593984550
286,santa cruz de la palma,28.68,-17.76,71.6,78,63,16.11,ES,1593984550
287,puerto del rosario,28.5,-13.86,77.0,69,20,12.75,ES,1593984357
288,flinders,-34.58,150.86,48.0,81,0,1.01,AU,1593984550
289,provideniya,64.38,-173.3,44.6,93,90,13.42,RU,1593984550
290,cabedelo,-6.98,-34.83,75.2,100,90,10.29,BR,1593984468
291,maxixe,-23.86,35.35,63.5,67,0,4.07,MZ,1593984550
292,putina,-15.47,-69.43,52.36,47,2,13.76,PE,1593984551
293,faya,18.39,42.45,73.4,77,98,3.36,SA,1593984551
294,les cayes,18.2,-73.75,83.73,73,88,6.17,HT,1593984551
295,acarau,-2.89,-40.12,79.39,77,1,13.15,BR,1593984551
296,bilma,18.69,12.92,88.38,13,0,3.96,NE,1593984551
297,jinchang,38.5,102.17,72.81,29,10,3.42,CN,1593984551
298,los llanos de aridane,28.66,-17.92,71.6,78,35,16.11,ES,1593984551
299,novyy urengoy,66.08,76.63,58.23,70,0,7.11,RU,1593984551
300,tessalit,20.2,1.01,92.98,10,0,10.78,ML,1593984551
301,vanimo,-2.67,141.3,77.14,83,100,7.58,PG,1593984552
302,ketchikan,55.34,-131.65,57.2,87,90,4.7,US,1593984293
303,ampanihy,-24.7,44.75,62.02,98,35,4.85,MG,1593984552
304,vestmanna,62.16,-7.17,46.4,81,96,23.04,FO,1593984552
305,port lincoln,-34.73,135.87,52.47,85,59,7.09,AU,1593984552
306,vallenar,-28.57,-70.76,69.75,27,0,4.14,CL,1593984552
307,salamanca,40.83,-6.0,82.99,46,0,8.3,ES,1593984552
308,timaru,-44.4,171.25,46.0,97,100,3.0,NZ,1593984553
309,gumia,23.78,85.82,80.44,85,100,0.83,IN,1593984553
310,kazachinskoye,57.7,93.28,60.75,95,0,2.73,RU,1593984553
311,vila velha,-20.33,-40.29,72.0,83,8,2.24,BR,1593984516
312,dalbandin,28.89,64.41,80.74,15,6,5.19,PK,1593984553
313,byron bay,-28.65,153.62,48.2,81,50,9.17,AU,1593984302
314,inuvik,68.35,-133.72,42.8,93,90,9.17,CA,1593984553
315,lagoa,39.05,-27.98,68.77,90,98,9.15,PT,1593984553
316,meulaboh,4.14,96.13,79.25,89,51,4.12,ID,1593984554
317,kloulklubed,7.04,134.26,77.0,88,90,4.7,PW,1593984554
318,ornskoldsvik,63.29,18.72,50.0,81,100,5.82,SE,1593984554
319,poronaysk,49.22,143.12,60.12,90,100,0.98,RU,1593984554
320,stephenville,32.22,-98.2,91.0,55,40,4.7,US,1593984507
321,hammerfest,70.66,23.68,44.6,93,75,17.22,NO,1593984554
322,ceres,37.59,-120.96,98.01,17,1,12.75,US,1593984554
323,pozo colorado,-23.49,-58.8,72.32,65,100,2.17,PY,1593984554
324,isiolo,0.35,37.58,69.35,62,47,18.21,KE,1593984554
325,shingu,33.73,135.98,73.02,96,100,11.99,JP,1593984555
326,hambantota,6.12,81.12,80.87,82,98,15.97,LK,1593984555
327,moerai,-22.43,-151.33,72.21,84,24,15.03,PF,1593984555
328,kapuskasing,49.42,-82.43,77.0,53,75,5.82,CA,1593984555
329,vila,42.03,-8.16,78.01,69,8,13.87,PT,1593984555
330,mitsamiouli,-11.38,43.28,77.52,76,82,9.22,KM,1593984555
331,vung tau,10.35,107.08,80.24,83,63,5.23,VN,1593984555
332,umm kaddadah,13.6,26.69,93.88,29,100,13.35,SD,1593984555
333,mongo,12.18,18.69,79.97,69,98,1.61,TD,1593984555
334,banda aceh,5.56,95.32,79.52,82,55,7.99,ID,1593984556
335,deoria,26.5,83.79,82.4,100,75,3.36,IN,1593984556
336,beisfjord,68.38,17.6,50.0,71,1,17.22,NO,1593984556
337,saint-leu,-21.15,55.28,69.8,77,75,5.82,RE,1593984556
338,krasnyy kholm,58.06,37.12,60.04,92,5,1.81,RU,1593984556
339,ribeira grande,38.52,-28.7,73.4,64,20,9.17,PT,1593984556
340,gat,31.61,34.76,79.0,91,0,5.99,IL,1593984541
341,puerto madero,14.72,-92.42,85.1,71,100,7.58,MX,1593984557
342,alexandria,31.22,29.96,77.0,83,0,5.82,EG,1593984557
343,poum,-20.23,164.02,69.58,76,86,14.25,NC,1593984557
344,leningradskaya,46.32,39.39,77.02,40,0,7.0,RU,1593984557
345,valley city,46.92,-98.0,84.2,58,1,11.41,US,1593984557
346,grande prairie,55.17,-118.8,64.4,55,40,8.05,CA,1593984557
347,praia da vitoria,38.73,-27.07,71.6,88,75,7.96,PT,1593984557
348,port hedland,-20.32,118.57,59.0,30,0,8.05,AU,1593984557
349,yurimaguas,-5.9,-76.08,86.0,66,20,3.36,PE,1593984557
350,beian,63.66,9.57,55.4,66,90,20.8,NO,1593984557
351,beyneu,45.32,55.2,86.16,22,0,10.18,KZ,1593984558
352,quatre cocos,-20.21,57.76,71.6,94,75,3.36,MU,1593984558
353,monte alegre,-2.01,-54.07,86.13,63,17,6.08,BR,1593984558
354,lanzhou,36.06,103.79,68.0,53,7,2.98,CN,1593984558
355,port blair,11.67,92.75,81.59,82,100,10.85,IN,1593984558
356,shimoda,34.67,138.95,69.01,93,100,1.01,JP,1593984558
357,skeldon,5.88,-57.13,81.05,85,33,6.91,GY,1593984558
358,abnub,27.27,31.15,87.8,31,0,11.41,EG,1593984558
359,noumea,-22.28,166.46,68.0,88,20,7.0,NC,1593984558
360,gimli,50.63,-96.99,80.01,99,64,5.68,CA,1593984559
361,batagay,67.63,134.63,42.75,80,99,2.73,RU,1593984559
362,liverpool,53.41,-2.98,57.99,76,40,27.51,GB,1593984372
363,candolim,15.52,73.76,81.99,82,100,18.48,IN,1593984559
364,khandyga,62.67,135.6,54.97,86,42,1.14,RU,1593984559
365,big rapids,43.7,-85.48,89.01,48,75,3.74,US,1593984559
366,roald,62.58,6.13,55.4,87,75,2.24,NO,1593984559
367,mwinilunga,-11.74,24.43,51.71,46,0,4.5,ZM,1593984559
368,benghazi,32.12,20.07,75.76,80,5,12.44,LY,1593984559
369,tarakan,3.3,117.63,77.99,86,55,7.4,ID,1593984305
370,nalut,30.33,10.85,73.35,50,0,19.89,LY,1593984560
371,balaipungut,1.05,101.28,77.0,88,39,2.62,ID,1593984560
372,tiarei,-17.53,-149.33,84.2,62,20,12.75,PF,1593984560
373,martos,37.72,-3.97,89.01,30,0,4.0,ES,1593984560
374,idritsa,56.33,28.9,64.09,88,98,8.43,RU,1593984560
375,riyadh,24.69,46.72,93.2,13,36,6.93,SA,1593984525
376,bira,49.0,132.47,64.87,95,100,1.59,RU,1593984560
377,atar,20.52,-13.05,99.5,12,0,5.39,MR,1593984560
378,marzuq,14.4,46.47,79.34,61,96,5.46,YE,1593984560
379,lata,40.16,-8.33,70.0,74,0,2.46,PT,1593984561
380,fortuna,40.6,-124.16,68.0,68,1,16.11,US,1593984561
381,nanortalik,60.14,-45.24,40.03,86,93,10.98,GL,1593984561
382,ulladulla,-35.35,150.47,46.4,87,0,10.29,AU,1593984561
383,bhatkal,13.97,74.57,79.59,84,89,12.93,IN,1593984561
384,kainantu,-6.29,145.87,59.76,94,100,1.59,PG,1593984561
385,basoko,1.24,23.62,74.41,82,100,2.13,CD,1593984561
386,puerto escondido,15.85,-97.07,86.0,66,75,10.29,MX,1593984266
387,sitka,57.05,-135.33,57.2,76,90,6.93,US,1593984320
388,lichinga,-13.31,35.24,52.12,73,1,6.93,MZ,1593984561
389,tautira,-17.73,-149.15,84.2,62,20,12.75,PF,1593984562
390,helong,42.54,129.0,61.3,86,23,2.8,CN,1593984515
391,grand gaube,-20.01,57.66,71.01,88,55,5.99,MU,1593984562
392,beringovskiy,63.05,179.32,44.64,92,96,14.63,RU,1593984562
393,guerrero negro,27.98,-114.06,81.01,46,0,18.81,MX,1593984562
394,ferme-neuve,46.7,-75.45,75.07,46,22,6.8,CA,1593984562
395,konstantinovka,49.62,127.98,58.64,89,100,4.92,RU,1593984562
396,emet,39.34,29.26,68.68,55,48,4.99,TR,1593984562
397,cap malheureux,-19.98,57.61,71.01,88,45,5.99,MU,1593984563
398,digby,44.62,-65.77,61.0,81,93,8.99,CA,1593984563
399,edgewater,28.99,-80.9,73.4,94,90,5.82,US,1593984563
400,singarayakonda,15.25,80.03,83.17,72,100,13.0,IN,1593984563
401,chancay,-11.57,-77.27,62.6,77,90,10.29,PE,1593984563
402,rome,34.26,-85.16,93.99,41,20,9.17,US,1593984524
403,tamiahua,21.27,-97.45,87.53,66,30,11.65,MX,1593984563
404,vilcun,-38.65,-72.23,48.2,76,20,5.82,CL,1593984563
405,borgarnes,64.54,-21.92,60.8,55,0,6.93,IS,1593984563
406,bhadasar,28.28,74.32,90.68,49,46,9.33,IN,1593984563
407,whitianga,-36.83,175.7,55.99,96,33,4.0,NZ,1593984564
408,am timan,11.03,20.28,73.76,88,100,2.19,TD,1593984564
409,guerrero,17.67,-100.0,77.38,72,79,1.61,MX,1593984564
410,zapolyarnyy,69.42,30.81,48.2,93,90,6.93,RU,1593984564
411,nagar,27.43,77.1,94.53,41,95,1.14,IN,1593984564
412,rimoc,48.04,19.53,68.0,79,0,1.79,HU,1593984564
413,sao gabriel da cachoeira,-0.13,-67.09,77.07,93,90,1.14,BR,1593984564
414,plainview,40.78,-73.47,91.0,55,1,10.29,US,1593984564
415,fort nelson,58.81,-122.7,73.4,38,20,6.93,CA,1593984282
416,eldorado,-23.79,-54.28,67.84,75,85,4.85,BR,1593984564
417,ferkessedougou,9.6,-5.2,73.65,90,98,3.62,CI,1593984565
418,maragogi,-9.01,-35.22,76.8,86,40,12.77,BR,1593984565
419,kahului,20.89,-156.47,91.4,43,40,18.34,US,1593984291
420,canavieiras,-15.68,-38.95,72.48,89,43,3.78,BR,1593984565
421,maniitsoq,65.42,-52.9,40.15,93,100,15.12,GL,1593984565
422,poshekhonye,58.5,39.14,62.19,87,0,4.7,RU,1593984565
423,nichinan,31.6,131.37,75.2,100,75,9.17,JP,1593984565
424,tilichiki,60.47,166.1,47.73,88,92,6.4,RU,1593984565
425,mareeba,-17.0,145.43,68.0,68,90,16.11,AU,1593984565
426,kamphaeng phet,16.48,99.52,75.63,89,72,2.08,TH,1593984566
427,reconquista,-29.15,-59.65,58.08,76,98,11.92,AR,1593984430
428,gawler,-34.6,138.73,48.0,84,35,4.38,AU,1593984566
429,filadelfia,39.95,-75.16,98.01,32,75,5.82,US,1593984333
430,sakakah,29.97,40.21,86.0,10,0,4.7,SA,1593984566
431,lagos,6.58,3.75,78.8,88,20,3.36,NG,1593984313
432,peniche,39.36,-9.38,66.99,88,0,8.99,PT,1593984566
433,ambulu,-8.35,113.61,73.71,89,98,3.49,ID,1593984566
434,lehre,52.33,10.67,66.0,78,13,10.69,DE,1593984567
435,hailey,43.52,-114.32,78.8,27,40,11.41,US,1593984567
436,bathsheba,13.22,-59.52,84.2,74,40,21.92,BB,1593984567
437,sao miguel do araguaia,-13.28,-50.16,79.88,41,0,2.39,BR,1593984567
438,tshikapa,-6.42,20.8,71.91,32,0,2.55,CD,1593984567
439,kita,13.03,-9.49,78.8,79,98,6.35,ML,1593984567
440,severnoye,56.35,78.36,57.43,95,100,5.68,RU,1593984567
441,fairbanks,64.84,-147.72,73.0,37,1,9.17,US,1593984462
442,kearney,40.7,-99.08,84.2,51,20,3.36,US,1593984567
443,san fernando,15.03,120.69,79.0,95,100,2.21,PH,1593984567
444,delmas,-26.15,28.68,50.0,34,0,4.7,ZA,1593984568
445,copiapo,-27.37,-70.33,60.8,63,85,14.99,CL,1593984568
446,magadi,12.97,77.23,71.6,100,40,12.75,IN,1593984568
447,gravdal,68.12,13.5,50.59,74,6,15.68,NO,1593984568
448,aleksandrovskiy zavod,50.92,117.94,51.01,70,22,6.11,RU,1593984568
449,la ronge,55.1,-105.28,66.2,88,75,4.7,CA,1593984568
450,pangnirtung,66.15,-65.71,44.6,93,90,9.17,CA,1593984568
451,nouadhibou,20.93,-17.03,69.8,83,22,23.04,MR,1593984569
452,homer,59.64,-151.55,64.4,68,1,9.17,US,1593984496
453,tyukhtet,56.54,89.3,59.0,94,58,0.43,RU,1593984569
454,severo-kurilsk,50.68,156.12,51.49,84,8,2.73,RU,1593984569
455,bay roberts,47.6,-53.26,52.0,38,67,8.08,CA,1593984569
456,tobane,-21.95,27.9,53.35,41,0,2.26,BW,1593984569
457,haines junction,60.75,-137.51,70.27,34,62,9.04,CA,1593984569
458,sirnak,37.52,42.46,72.07,38,1,7.07,TR,1593984569
459,darhan,49.49,105.92,62.46,72,40,3.74,MN,1593984569
460,chunskiy,56.08,99.63,58.69,60,1,2.53,RU,1593984569
461,paducah,37.08,-88.6,89.6,52,40,3.36,US,1593984570
462,alihe,50.57,123.72,56.17,83,99,3.6,CN,1593984570
463,freeport,40.66,-73.58,91.0,55,1,10.29,US,1593984273
464,luderitz,-26.65,15.16,66.2,20,0,6.93,NA,1593984570
465,perevoz,55.6,44.54,66.69,86,100,11.01,RU,1593984570
466,alofi,-19.06,-169.92,77.0,83,28,12.75,NU,1593984570
467,zeya,53.75,127.27,56.86,65,1,3.8,RU,1593984570
468,bogorodskoye,56.55,37.88,61.65,93,3,5.91,RU,1593984570
469,porto velho,-8.76,-63.9,87.8,58,40,4.7,BR,1593984339
470,manjeri,11.12,76.12,78.8,83,75,5.82,IN,1593984570
471,vihari,30.03,72.35,98.55,22,100,13.47,PK,1593984571
472,san quintin,30.48,-115.95,78.37,48,0,16.24,MX,1593984571
473,vestmannaeyjar,63.44,-20.27,53.69,80,0,7.61,IS,1593984571
474,atasu,48.68,71.64,60.98,75,26,6.42,KZ,1593984571
475,buraydah,26.33,43.98,91.4,22,27,5.82,SA,1593984571
476,bushehr,28.97,50.84,90.81,43,0,4.99,IR,1593984571
477,bairiki,1.33,172.98,86.0,74,20,10.29,KI,1593984571
478,constitucion,-35.33,-72.42,51.69,80,99,8.37,CL,1593984571
479,tual,-5.67,132.75,79.5,82,75,22.17,ID,1593984571
480,luanda,-8.84,13.23,71.6,83,4,5.82,AO,1593984421
481,anderson,34.53,-82.65,91.99,38,1,8.05,US,1593984407
482,senneterre,48.38,-77.23,77.0,38,40,10.29,CA,1593984572
483,baglan,36.13,68.71,74.14,21,0,1.45,AF,1593984572
484,ilo,-17.64,-71.34,62.13,73,32,8.59,PE,1593984572
485,formosa do rio preto,-11.05,-45.19,76.21,45,0,4.0,BR,1593984572
486,malinyi,-8.93,36.13,71.19,57,87,1.83,TZ,1593984572
487,caravelas,-17.71,-39.25,71.96,80,0,8.46,BR,1593984572
488,dukat,62.55,155.55,50.58,65,95,6.98,RU,1593984572
489,atambua,-9.11,124.89,68.34,85,47,6.15,ID,1593984572
490,laguna,38.42,-121.42,98.01,18,1,5.82,US,1593984572
491,marshfield,44.67,-90.17,89.6,49,1,4.29,US,1593984411
492,nanakuli,21.39,-158.15,84.2,66,1,10.29,US,1593984330
493,usinsk,65.99,57.53,57.04,87,10,3.67,RU,1593984573
494,omsukchan,62.53,155.8,52.57,65,100,1.81,RU,1593984573
495,shasta lake,40.68,-122.37,99.0,13,0,1.01,US,1593984314
496,kailua,21.4,-157.74,84.2,66,40,11.41,US,1593984573
497,shakawe,-18.37,21.85,53.67,39,0,5.93,BW,1593984573
498,bontang,0.13,117.5,76.26,88,64,5.5,ID,1593984573
499,pritzwalk,53.15,12.17,66.0,89,6,1.99,DE,1593984573
500,itarema,-2.92,-39.92,79.38,76,0,12.97,BR,1593984573
501,manakara,-22.13,48.02,63.01,93,10,4.63,MG,1593984574
502,sal rei,16.18,-22.92,77.0,78,75,10.29,CV,1593984574
503,port macquarie,-31.43,152.92,42.01,93,0,8.25,AU,1593984574
504,fukue,32.69,128.84,76.71,91,100,20.4,JP,1593984574
505,yeniseysk,58.45,92.17,61.07,96,36,3.0,RU,1593984574
506,puerto ayacucho,5.66,-67.62,89.6,52,40,8.05,VE,1593984574
507,baherden,38.44,57.43,83.32,20,0,1.54,TM,1593984574
508,timbo,-26.82,-49.27,68.0,1,60,1.54,BR,1593984574
509,aksu,41.12,80.26,71.46,34,66,9.8,CN,1593984574
510,ust-nera,64.57,143.2,58.3,51,100,3.6,RU,1593984575
511,andros town,24.7,-77.77,84.2,79,75,2.24,BS,1593984310
512,tapes,-30.67,-51.4,61.0,93,98,8.46,BR,1593984575
513,chiang klang,19.29,100.86,74.62,88,100,1.52,TH,1593984575
514,najran,17.49,44.13,89.6,18,75,4.7,SA,1593984575
515,peruibe,-24.32,-47.0,71.17,74,0,5.41,BR,1593984575
516,smithers,54.78,-127.17,60.8,63,90,2.24,CA,1593984575
517,bacolod,10.67,122.95,77.14,82,0,2.51,PH,1593984575
518,preobrazheniye,42.9,133.91,61.81,91,44,5.39,RU,1593984575
519,mocuba,-16.84,36.99,58.6,91,0,1.28,MZ,1593984575
520,norwalk,33.9,-118.08,95.0,29,1,6.93,US,1593984576
521,sisimiut,66.94,-53.67,46.4,70,100,11.36,GL,1593984576
522,maltahohe,-24.83,16.98,53.01,37,0,6.58,NA,1593984576
523,vila franca do campo,37.72,-25.43,69.8,83,40,9.17,PT,1593984576
524,nizhniy ingash,56.2,96.53,60.48,95,4,3.4,RU,1593984576
525,terrace,54.52,-128.6,60.8,72,90,2.24,CA,1593984330
526,farmington,36.73,-108.22,96.8,8,1,17.22,US,1593984576
527,nelson bay,-32.72,152.15,45.0,87,42,11.41,AU,1593984576
528,gushikawa,26.35,127.87,82.4,88,40,14.99,JP,1593984577
529,gorontalo,0.54,123.06,73.83,88,73,2.06,ID,1593984577
530,port keats,-14.25,129.55,64.22,57,0,11.48,AU,1593984577
531,tomatlan,19.93,-105.25,90.79,54,79,9.08,MX,1593984577
532,svetlogorsk,52.63,29.73,64.29,88,0,4.83,BY,1593984577
533,kigali,-1.95,30.06,69.8,60,40,4.7,RW,1593984473
534,altamont,42.21,-121.74,80.01,20,1,10.29,US,1593984577
535,ugoofaaru,5.67,73.0,83.12,74,100,8.16,MV,1593984577
536,brae,60.4,-1.35,51.8,87,86,18.34,GB,1593984577
537,kupang,-10.17,123.58,75.2,78,20,12.75,ID,1593984492
538,morehead,37.27,-87.18,91.0,58,1,4.7,US,1593984578
539,khash,28.22,61.22,69.46,23,3,2.53,IR,1593984578
540,labuhan,-6.88,112.21,75.72,88,85,7.99,ID,1593984578
